{"version":0.1,"globalEnvironmentVariables":[],"tasks":[{"task":"injest","dependsOn":[],"location":{"x":281.38424326192126,"y":252.61506565307536}},{"task":"train","dependsOn":["injest"],"location":{"x":872.2619212163098,"y":136.51278507256393}}]}